,Real Lower Band,Real Middle Band,Real Upper Band
2021-08-12,36015.8090,42725.9621,109827.4932
2021-08-11,35120.4142,42241.5625,113453.0451
2021-08-10,34123.0671,41701.4144,117484.8876
2021-08-09,33288.6129,41090.2174,119106.2627
2021-08-08,32231.5126,40336.9669,121391.5094
2021-08-07,31428.9591,39756.2205,123028.8343
2021-08-06,30962.3817,39040.4390,119821.0117
2021-08-05,30472.1702,38436.0698,118075.0662
2021-08-04,29979.6138,37974.6036,117924.5010
2021-08-03,29585.4975,37584.2917,117572.2335
2021-08-02,29317.0662,37312.7207,117269.2651
2021-08-01,29045.6320,36920.9903,115674.5733
2021-07-31,28834.9342,36430.6352,112387.6451
2021-07-30,28819.4479,35752.0389,105077.9485
2021-07-29,29040.3147,34961.0888,94168.8295
2021-07-28,29134.4155,34349.1727,86496.7441
2021-07-27,29399.2921,33702.9449,76739.4729
2021-07-26,29836.9860,33083.5649,65549.3541
2021-07-25,29996.6148,32661.2698,59307.8192
2021-07-24,29978.6866,32407.7400,56698.2733
2021-07-23,29670.9810,32266.0481,58216.7195
2021-07-22,29487.6975,32188.7183,59198.9267
2021-07-21,29526.0827,32246.7406,59453.3195
2021-07-20,29614.8980,32324.8894,59424.8028
2021-07-19,30219.6981,32652.2660,56977.9453
2021-07-18,30462.5181,32903.8621,57317.3023
2021-07-17,30731.2368,33078.9731,56556.3365
2021-07-16,31110.7889,33293.8464,55124.4210
2021-07-15,31511.3983,33525.9757,53671.7503
2021-07-14,31634.6916,33709.4472,54457.0032
2021-07-13,31757.2245,33812.1695,54361.6194
2021-07-12,31940.4669,33928.0027,53803.3610
2021-07-11,31954.7998,34007.1013,54530.1167
2021-07-10,31685.1017,33961.9273,56730.1833
2021-07-09,31593.9080,33998.7518,58047.1891
2021-07-08,31511.1846,34013.7149,59039.0172
2021-07-07,31559.7955,34132.2310,59856.5859
2021-07-06,31081.5014,34176.9501,65131.4375
2021-07-05,30652.4435,34207.2465,69755.2767
2021-07-04,30033.7020,34318.7395,77169.1142
2021-07-03,29358.5410,34303.1010,83748.7007
2021-07-02,29146.1060,34366.9817,86575.7382
2021-07-01,29351.0123,34523.2965,86246.1379
2021-06-30,29567.9888,34724.6803,86291.5947
2021-06-29,29617.7845,34787.1332,86480.6211
2021-06-28,29552.8770,34774.0706,86986.0059
2021-06-27,29592.8147,34890.6399,87868.8923
2021-06-26,29617.0422,34982.1780,88633.5363
2021-06-25,30184.1687,35320.6041,86684.9581
2021-06-24,30986.9603,35744.3290,83318.0157
2021-06-23,31159.0077,35885.1639,83146.7250
2021-06-22,31377.6259,36146.3279,83833.3479
2021-06-21,32105.5772,36542.8697,80915.7948
2021-06-20,33267.6382,37049.3960,74866.9744
2021-06-19,33449.6062,37183.6797,74524.4148
2021-06-18,33607.9990,37329.8032,74547.8448
2021-06-17,33602.2046,37438.1310,75797.3946
2021-06-16,33480.1557,37318.4013,75700.8574
2021-06-15,33321.8526,37175.1486,75708.1080
2021-06-14,33140.1946,36856.6448,74021.1466
2021-06-13,33106.0238,36492.2525,70354.5397
2021-06-12,32912.6010,36269.2418,69835.6499
2021-06-11,32934.6474,36372.8899,70755.3140
2021-06-10,32863.6162,36307.0158,70741.0115
2021-06-09,32852.6547,36306.3869,70843.7087
2021-06-08,32418.4810,36252.8627,74596.6796
2021-06-07,33100.6359,36596.7389,71557.7689
2021-06-06,32986.3845,36968.5074,76789.7359
2021-06-05,32461.9652,37163.4727,84178.5482
2021-06-04,31557.1713,37437.3928,96239.6083
2021-06-03,30768.4107,37633.3033,106282.2299
2021-06-02,29283.8523,37649.3989,121304.8647
2021-06-01,28455.9047,37882.9444,132153.3421
2021-05-31,28090.3432,38261.4901,139972.9595
2021-05-30,26490.3542,38679.0920,160566.4703
2021-05-29,26023.3610,39346.3400,172576.1297
2021-05-28,25816.1016,40224.8169,184311.9704
2021-05-27,25812.9268,41112.9689,194113.3897
2021-05-26,25924.0839,41817.5731,200752.4656
2021-05-25,26330.3632,42536.0496,204592.9142
2021-05-24,27082.3856,43432.8841,206937.8698
2021-05-23,28377.7918,44353.3964,204109.4424
2021-05-22,30702.5967,45775.5036,196504.5724
2021-05-21,32745.1841,47022.5578,189796.2949
2021-05-20,35164.4055,48386.2919,180605.1553
2021-05-19,37071.0991,49519.9070,174007.9865
2021-05-18,40958.4357,51099.2170,152507.0294
2021-05-17,43195.6171,52149.0157,141683.0013
2021-05-16,45588.8552,53187.9036,129178.3876
2021-05-15,47326.6029,53987.2710,120593.9514
2021-05-14,48606.1845,54766.0382,116364.5752
2021-05-13,49126.3490,55252.6017,116515.1279
2021-05-12,49857.9300,55762.3259,114806.2853
2021-05-11,50697.6234,56285.6341,112165.7419
2021-05-10,50554.9186,56124.8643,111824.3213
2021-05-09,50453.8636,56048.3158,111992.8376
2021-05-08,50322.6537,55728.4258,109786.1468
2021-05-07,50207.8889,55336.4584,106622.1536
2021-05-06,49587.0134,55104.6716,110281.2534
2021-05-05,48813.7950,54984.1349,116687.5339
2021-05-04,47750.0963,54791.5757,125206.3695
2021-05-03,47365.4608,55048.9284,131883.6047
2021-05-02,46587.4554,54958.7479,138671.6731
2021-05-01,46420.4145,54940.4978,140141.3308
2021-04-30,46170.0413,54816.3375,141279.3002
2021-04-29,45961.7152,54712.1623,142216.6332
2021-04-28,46364.9170,55024.0487,141615.3652
2021-04-27,46602.7717,55228.3489,141484.1208
2021-04-26,46829.2823,55421.3466,141341.9891
2021-04-25,47244.2383,55729.5889,140583.0940
2021-04-24,48916.9403,56555.7150,132943.4630
2021-04-23,50552.9288,57327.2354,125070.3011
2021-04-22,52031.5318,58024.3786,117952.8460
2021-04-21,53572.4395,58702.2010,109999.8161
2021-04-20,54617.8028,59203.8302,105064.1049
2021-04-19,55036.4625,59465.3078,103753.7600
2021-04-18,55687.7313,59817.0264,101109.9777
2021-04-17,56179.0496,60126.5929,99602.0257
2021-04-16,55811.3007,60048.7212,102422.9259
2021-04-15,55458.6934,59818.0854,103412.0052
2021-04-14,55160.8585,59374.8877,101515.1800
2021-04-13,54116.5820,58895.2293,106681.7025
2021-04-12,53667.3392,58303.2817,104662.7063
2021-04-11,53374.1684,58038.8620,104685.7990
2021-04-10,53095.2896,57732.6911,104106.7058
2021-04-09,52995.0669,57437.2270,101858.8273
2021-04-08,52856.9656,57296.4844,101691.6730
2021-04-07,52725.1657,57161.7080,101527.1317
2021-04-06,52793.4183,57237.2941,101676.0519
2021-04-05,52610.0889,57123.2031,102254.3450
2021-04-04,52504.9821,56890.0357,100740.5723
2021-04-03,52381.9280,56732.8816,100242.4174
2021-04-02,52220.9198,56694.3836,101429.0210
2021-04-01,51687.3166,56485.7759,104470.3692
2021-03-31,51572.0965,56291.8953,103489.8828
2021-03-30,51437.5929,56091.4928,102630.4920
2021-03-29,51315.2065,55876.7314,101491.9802
2021-03-28,51173.5681,55754.6891,101565.8993
2021-03-27,50897.3921,55793.3819,104753.2794
2021-03-26,50406.8736,55805.2384,109788.8872
2021-03-25,49653.2164,55863.2265,117963.3273
2021-03-24,49615.7789,56264.5199,122751.9304
2021-03-23,49327.6758,56550.9230,128783.3959
2021-03-22,49090.9619,56624.2961,131957.6380
2021-03-21,48625.5854,56695.3368,137392.8506
2021-03-20,48127.0837,56418.1359,139328.6575
2021-03-19,46969.0620,56007.6920,146393.9925
2021-03-18,46139.9336,55547.3520,149621.5364
2021-03-17,45434.9685,55069.2298,151411.8419
2021-03-16,44943.9743,54414.2720,149117.2495
2021-03-15,44667.5019,53916.5517,146407.0498
2021-03-14,44369.4509,53510.2447,144918.1833
2021-03-13,44205.5408,52760.4004,138308.9966
2021-03-12,43993.9776,51781.1207,129652.5518
2021-03-11,43589.2421,51173.0452,127011.0763
2021-03-10,43223.7223,50503.5603,123301.9404
2021-03-09,43088.3723,49996.6108,119078.9955
2021-03-08,42908.3521,49568.5993,116171.0715
2021-03-07,42747.3456,49364.1350,115532.0288
2021-03-06,42596.5729,49278.7551,116100.5766
2021-03-05,42696.5719,49390.9304,116334.5161
2021-03-04,42715.5803,49507.9238,117431.3580
2021-03-03,42795.8092,49655.7071,118254.6864
2021-03-02,42695.2655,49604.0360,118691.7402
2021-03-01,42490.2079,49716.8473,121983.2409
2021-02-28,42344.8411,49705.4005,123310.9944
2021-02-27,42890.3508,50123.7947,122458.2336
2021-02-26,41901.0713,50414.9215,135553.4235
2021-02-25,41157.5218,50656.0544,145641.3809
2021-02-24,40244.9346,50779.4698,156124.8217
2021-02-23,38968.7735,50594.3663,166850.2951
2021-02-22,38017.7528,50430.3670,174556.5095
2021-02-21,36704.9927,49682.7733,179460.5801
2021-02-20,35463.7307,48505.1787,178919.6586
2021-02-19,34324.2824,47368.5335,177811.0439
2021-02-18,33661.9236,46122.6534,170729.9520
2021-02-17,32890.8831,45209.0000,168390.1696
2021-02-16,32221.2185,44152.0274,163460.1164
2021-02-15,31109.4268,43290.0923,165096.7478
2021-02-14,30415.8679,42471.0319,163022.6722
2021-02-13,29872.5688,41510.7458,157892.5161
2021-02-12,29389.8213,40615.1655,152868.6072
2021-02-11,29054.3875,39634.4051,145434.5817
2021-02-10,29091.6930,38517.1565,132771.7919
2021-02-09,28802.1524,37634.5800,125958.8562
2021-02-08,29256.6029,36546.2465,109442.6825
2021-02-07,30284.7957,35412.3301,86687.6744
2021-02-06,30148.9031,34989.9337,83400.2399
2021-02-05,30144.5013,34514.2833,78212.1041
2021-02-04,30071.5802,34113.1031,74528.3321
2021-02-03,29825.0939,33839.9094,73988.0647
2021-02-02,29181.4424,33509.0082,76784.6668
2021-02-01,28872.8163,33392.1915,78585.9441
2021-01-31,28954.0385,33462.6237,78548.4760
2021-01-30,29084.4468,33585.3382,78594.2524
2021-01-29,28825.1035,33615.1439,81515.5475
2021-01-28,28320.2337,33673.7573,87208.9930
2021-01-27,28001.4479,33851.2504,92349.2754
2021-01-26,28682.6530,34357.5070,91106.0472
2021-01-25,29189.6037,34684.0931,89628.9876
2021-01-24,29722.5846,35039.0922,88204.1690
2021-01-23,30036.6103,35392.2571,88948.7247
2021-01-22,30531.7064,35767.1365,88121.4368
2021-01-21,30720.7182,36055.7766,89406.3606
2021-01-20,30878.6055,36536.7137,93117.7954
2021-01-19,30121.5248,36546.6670,100798.0895
2021-01-18,29430.2136,36482.9005,107009.7700
2021-01-17,28509.0252,36304.6490,114260.8861
2021-01-16,27700.9850,36161.1783,120763.1115
2021-01-15,26845.0832,35955.6090,127060.8673
2021-01-14,26088.2193,35630.0701,131048.5783
2021-01-13,25157.1212,35007.0186,133505.9933
2021-01-12,24174.8804,34487.8730,137617.7986
2021-01-11,23307.5677,34233.4145,143491.8825
2021-01-10,22558.9156,33794.8690,146154.4039
2021-01-09,21791.1479,33021.3650,145323.5356
2021-01-08,21412.8461,31984.0670,137696.2763
2021-01-07,21396.9934,30819.8501,125048.4168
2021-01-06,21495.1242,29687.4699,111610.9262
2021-01-05,21486.9771,28742.1668,101294.0632
2021-01-04,21148.5325,28005.3522,96573.5490
2021-01-03,20468.8833,27395.4620,96661.2495
2021-01-02,20061.5874,26623.8875,92246.8883
2021-01-01,19759.1887,25868.6513,86963.2773
2020-12-31,19254.2735,25334.4142,86135.8214
2020-12-30,18717.8295,24787.1967,85480.8682
2020-12-29,18357.5421,24193.9833,82558.3955
2020-12-28,18029.3803,23700.6132,80412.9428
2020-12-27,17748.9902,23194.6550,77651.3034
2020-12-26,17590.3350,22730.7932,74135.3754
2020-12-25,17566.1444,22212.7953,68679.3039
2020-12-24,17441.0295,21837.9097,65806.7111
2020-12-23,17262.3292,21532.4846,64234.0390
2020-12-22,17149.8850,21256.1926,62319.2688
2020-12-21,17097.2569,20902.9135,58959.4789
2020-12-20,16986.0626,20634.7146,57121.2344
2020-12-19,17014.0681,20278.5354,52923.2091
2020-12-18,17133.7814,19860.6495,47129.3313
2020-12-17,17241.4622,19485.1296,41921.8041
2020-12-16,17410.8432,19112.2143,36125.9253
2020-12-15,17404.2452,18858.5692,33401.8092
2020-12-14,17370.3149,18783.3740,32913.9648
2020-12-13,17318.5384,18722.2391,32759.2461
2020-12-12,17281.4794,18666.6091,32517.9065
2020-12-11,17260.5974,18643.9873,32477.8870
2020-12-10,17335.8531,18698.0821,32320.3717
2020-12-09,17380.5043,18733.3151,32261.4239
2020-12-08,17338.3342,18737.7317,32731.7064
2020-12-07,17320.3825,18760.2217,33158.6130
2020-12-06,17232.6936,18695.2672,33321.0041
2020-12-05,17004.4926,18599.3803,34548.2574
2020-12-04,16647.4972,18508.4654,37118.1481
2020-12-03,16389.6352,18452.6112,39082.3708
2020-12-02,16211.1933,18308.5246,39281.8375
2020-12-01,16049.6276,18171.3140,39388.1784
2020-11-30,15809.4613,18061.2552,40579.1945
2020-11-29,15588.6906,17841.5924,40370.6106
2020-11-28,15361.2118,17752.2201,41662.3034
2020-11-27,15196.5848,17696.4576,42695.1857
2020-11-26,14988.9346,17684.9111,44644.6767
2020-11-25,14898.3585,17664.9430,45330.7885
2020-11-24,14781.0894,17480.5850,44475.5413
2020-11-23,14528.6484,17230.3508,44247.3744
2020-11-22,14260.7432,17034.8581,44776.0067
2020-11-21,13964.3423,16811.7766,45286.1196
2020-11-20,13790.5714,16537.6012,44007.8996
2020-11-19,13688.6100,16244.8446,41807.1913
2020-11-18,13526.1281,16013.1084,40882.9108
2020-11-17,13402.6791,15763.3416,39369.9661
2020-11-16,13304.6361,15503.7739,37495.1523
2020-11-15,13211.3353,15319.6291,36402.5674
2020-11-14,13030.2411,15193.7061,36828.3563
2020-11-13,12876.4643,15042.4945,36702.7970
2020-11-12,12781.1760,14852.1688,35562.0964
2020-11-11,12701.4393,14648.5478,34119.6329
2020-11-10,12611.0201,14489.8634,33278.2962
2020-11-09,12499.8324,14356.0569,32918.3015
2020-11-08,12278.9266,14203.0008,33443.7427
2020-11-07,12088.3926,14018.2426,33316.7425
2020-11-06,11852.7095,13880.2503,34155.6582
2020-11-05,11709.8025,13649.6289,33047.8928
2020-11-04,11644.3073,13397.7089,30931.7243
2020-11-03,11501.2607,13270.9380,30967.7108
2020-11-02,11365.6043,13143.2335,30919.5262
2020-11-01,11238.6540,13050.5500,31169.5096
2020-10-31,11146.0913,12927.0291,30736.4067
2020-10-30,11056.7671,12789.1654,30113.1483
2020-10-29,10967.1071,12662.4976,29616.4020
2020-10-28,10862.7040,12534.3199,29250.4788
2020-10-27,10753.9663,12413.0240,29003.6014
2020-10-26,10668.8365,12242.3701,27977.7062
2020-10-25,10555.5620,12115.6546,27716.5809
2020-10-24,10492.2537,11980.5133,26863.1098
2020-10-23,10453.9981,11825.8335,25544.1872
2020-10-22,10416.0674,11677.7831,24294.9399
2020-10-21,10441.6805,11513.9845,22237.0247
2020-10-20,10513.5079,11357.7544,19800.2194
2020-10-19,10499.3401,11279.0766,19076.4418
2020-10-18,10488.3848,11211.1580,18438.8898
2020-10-17,10458.7044,11163.0468,18206.4707
2020-10-16,10435.5171,11125.7588,18028.1753
2020-10-15,10411.4058,11089.5511,17871.0036
2020-10-14,10397.8236,11031.7508,17371.0233
2020-10-13,10388.7173,10979.0126,16881.9652
2020-10-12,10328.6533,10920.4053,16837.9255
2020-10-11,10345.9663,10846.7864,15854.9873
2020-10-10,10348.7456,10783.7999,15134.3427
2020-10-09,10368.0010,10726.2565,14308.8109
2020-10-08,10327.4605,10691.9589,14336.9421
2020-10-07,10304.0885,10669.6099,14324.8240
2020-10-06,10292.2677,10673.2476,14483.0467
2020-10-05,10292.3332,10684.9280,14610.8753
2020-10-04,10285.8769,10678.2373,14601.8419
2020-10-03,10291.3093,10683.5312,14605.7499
2020-10-02,10278.7017,10699.6925,14909.6003
2020-10-01,10279.2490,10712.5382,15045.4311
2020-09-30,10265.9153,10719.6419,15256.9076
2020-09-29,10232.1318,10709.6554,15484.8916
2020-09-28,10181.2822,10690.6257,15784.0605
2020-09-27,10127.2809,10682.6328,16236.1519
2020-09-26,10105.8641,10665.2903,16259.5517
2020-09-25,10075.9592,10650.0459,16390.9126
2020-09-24,10039.3462,10636.3188,16606.0441
2020-09-23,10024.9765,10616.4818,16531.5340
2020-09-22,10040.5229,10643.2952,16671.0184
2020-09-21,9935.5740,10646.7559,17758.5748
2020-09-20,9748.0466,10668.0859,19868.4793
2020-09-19,9630.6212,10644.9780,20788.5457
2020-09-18,9511.3769,10609.5991,21591.8207
2020-09-17,9447.2284,10590.7805,22026.3016
2020-09-16,9382.0290,10574.1281,22495.1192
2020-09-15,9342.8408,10557.9328,22708.8526
2020-09-14,9310.5558,10561.0238,23065.7036
2020-09-13,9310.9806,10578.0073,23248.2748
2020-09-12,9332.8080,10634.0108,23646.0381
2020-09-11,9367.0346,10685.4685,23869.8075
2020-09-10,9427.2335,10748.0485,23956.1990
2020-09-09,9526.0655,10821.1755,23772.2761
2020-09-08,9646.0389,10913.2918,23585.8211
2020-09-07,9830.6020,11021.9745,22935.6992
2020-09-06,9962.9402,11114.6370,22631.6047
2020-09-05,10122.4669,11228.1078,22284.5163
2020-09-04,10406.1557,11358.4095,20880.9478
2020-09-03,10650.1448,11468.7825,19655.1590
2020-09-02,11147.0002,11615.9540,16305.4912
2020-09-01,11196.2371,11646.1619,16145.4099
2020-08-31,11181.3719,11623.8640,16048.7840
2020-08-30,11165.4877,11626.2887,16234.2990
2020-08-29,11153.3399,11623.7076,16327.3840
2020-08-28,11185.8909,11645.5180,16241.7900
2020-08-27,11208.8091,11662.6290,16200.8284
2020-08-26,11276.0673,11699.7135,15936.1756
2020-08-25,11318.8270,11725.7506,15794.9864
2020-08-24,11408.1189,11767.4385,15360.6349
2020-08-23,11330.0439,11765.5463,16120.5711
2020-08-22,11283.0259,11771.1450,16652.3363
2020-08-21,11211.1206,11772.5141,17386.4491
2020-08-20,11228.0261,11787.7033,17384.4760
2020-08-19,11194.8337,11769.7388,17518.7896
2020-08-18,11134.7556,11758.0801,17991.3253
2020-08-17,11077.4591,11724.2648,18192.3219
2020-08-16,11021.5003,11651.8911,17955.7999
2020-08-15,10972.2096,11610.5725,17994.2013
2020-08-14,10660.0207,11565.6879,20622.3602
2020-08-13,10373.4679,11519.7418,22982.4804
2020-08-12,10112.5538,11461.2651,24948.3783
2020-08-11,9918.2453,11413.9901,26371.4390
2020-08-10,9742.7894,11374.1965,27688.2675
2020-08-09,9562.4714,11274.7851,28397.9222
2020-08-08,9366.9203,11183.4875,29349.1595
2020-08-07,9207.6069,11072.4422,29720.7954
2020-08-06,9061.6885,10965.7762,30006.6533
2020-08-05,8940.1506,10830.6686,29735.8492
2020-08-04,8839.2241,10684.7982,29140.5388
2020-08-03,8743.3108,10582.0917,28969.9009
2020-08-02,8666.0174,10467.3816,28481.0238
2020-08-01,8595.1875,10358.1023,27987.2503
2020-07-31,8612.4909,10167.4191,25716.7020
2020-07-30,8609.1783,10011.0825,24030.1242
2020-07-29,8615.4912,9868.5826,22399.4968
2020-07-28,8661.3743,9717.0994,20274.3503
2020-07-27,8738.0130,9577.1162,17968.1479
2020-07-26,9003.1140,9416.9121,13554.8939
2020-07-25,9042.8718,9358.5227,12515.0314
2020-07-24,9038.2878,9319.1398,12127.6596
2020-07-23,9030.1639,9293.3287,11924.9766
2020-07-22,9029.9141,9258.6870,11546.4156
2020-07-21,9031.0260,9230.0957,11220.7927
2020-07-20,9029.9320,9212.9578,11043.2157
2020-07-19,9033.0710,9217.5444,11062.2790
2020-07-18,9032.8499,9217.4614,11063.5767
2020-07-17,9032.5259,9220.8083,11103.6326
2020-07-16,9019.5519,9224.9974,11279.4524
2020-07-15,9027.2595,9231.2841,11271.5305
2020-07-14,9026.5673,9231.7341,11283.4022
2020-07-13,9018.7980,9226.8300,11307.1504
2020-07-12,8947.7108,9225.0063,11997.9616
2020-07-11,8877.3749,9219.2794,12638.3247
2020-07-10,8877.7646,9220.3861,12646.6008
2020-07-09,8870.9075,9216.6567,12674.1484
2020-07-08,8871.9652,9218.6225,12685.1948
2020-07-07,8858.9046,9200.9581,12621.4926
2020-07-06,8846.6634,9201.2992,12747.6572
2020-07-05,8822.6766,9194.2364,12909.8349
2020-07-04,8849.5285,9215.0423,12870.1804
2020-07-03,8871.2150,9230.5417,12823.8081
2020-07-02,8906.0668,9255.3700,12748.4017
2020-07-01,8941.5962,9279.3078,12656.4235
2020-06-30,8954.2957,9289.6228,12642.8931
2020-06-29,8914.8130,9312.3922,13288.1847
2020-06-28,8909.6597,9332.7792,13563.9742
2020-06-27,8932.3975,9363.5940,13675.5596
2020-06-26,9004.4021,9407.8470,13442.2958
2020-06-25,9055.9492,9440.1946,13282.6485
2020-06-24,9096.7145,9465.9997,13158.8510
2020-06-23,9117.7263,9489.6741,13209.1525
2020-06-22,9108.1166,9482.2693,13223.7964
2020-06-21,9099.4407,9468.2757,13156.6262
2020-06-20,9044.6498,9495.8349,14007.6857
2020-06-19,9073.8063,9517.6993,13956.6299
2020-06-18,9118.9257,9546.0490,13817.2823
2020-06-17,9144.0990,9567.3460,13799.8166
2020-06-16,9163.2693,9581.6638,13765.6085
2020-06-15,9134.5400,9588.6934,14130.2275
2020-06-14,9044.0281,9602.4209,15186.3483
2020-06-13,8998.1962,9622.0371,15860.4470
2020-06-12,8904.8619,9625.5687,16832.6364
2020-06-11,8893.5793,9628.5203,16977.9301
2020-06-10,8905.5858,9648.5395,17078.0771
2020-06-09,8865.5955,9607.0904,17022.0399
2020-06-08,8847.7450,9575.1194,16848.8637
2020-06-07,8815.4407,9542.2052,16809.8498
2020-06-06,8786.8943,9512.5640,16769.2610
2020-06-05,8764.1061,9490.6730,16756.3419
2020-06-04,8750.0600,9471.9387,16690.7257
2020-06-03,8731.6703,9434.9633,16467.8928
2020-06-02,8695.4589,9410.2838,16558.5328
2020-06-01,8684.5902,9398.7249,16540.0716
2020-05-31,8659.7779,9315.5251,15872.9974
2020-05-30,8567.3399,9299.7694,16624.0646
2020-05-29,8510.4586,9255.6139,16707.1666
2020-05-28,8485.2239,9237.7695,16763.2256
2020-05-27,8428.3546,9206.8190,16991.4639
2020-05-26,8373.7938,9215.0054,17627.1208
2020-05-25,8440.1890,9259.1895,17449.1945
2020-05-24,8489.6776,9298.3169,17384.7095
2020-05-23,8566.3668,9355.3101,17244.7434
2020-05-22,8558.6839,9367.2500,17452.9113
2020-05-21,8559.4387,9379.1187,17575.9193
2020-05-20,8559.9533,9399.4889,17794.8453
2020-05-19,8493.5661,9373.4447,18172.2302
2020-05-18,8452.2488,9317.5006,17970.0188
2020-05-17,8221.9587,9256.0187,19596.6188
2020-05-16,8046.8532,9190.5958,20628.0211
2020-05-15,7885.6231,9145.5882,21745.2387
2020-05-14,7720.5938,9098.2913,22875.2669
2020-05-13,7579.7284,8994.8127,23145.6555
2020-05-12,7446.9360,8928.5970,23745.2065
2020-05-11,7288.5894,8901.8381,25034.3252
2020-05-10,7117.7898,8890.6281,26619.0111
2020-05-09,6953.8818,8855.0327,27866.5415
2020-05-08,6839.5882,8730.1456,27635.7189
2020-05-07,6777.5352,8568.2889,26475.8253
2020-05-06,6750.3408,8374.5910,24617.0921
2020-05-05,6683.7486,8251.5055,23929.0746
2020-05-04,6570.2950,8128.5211,23710.7825
2020-05-03,6501.6665,8010.2707,23096.3128
2020-05-02,6451.9203,7880.1143,22162.0542
2020-05-01,6445.2773,7732.6910,20606.8273
2020-04-30,6455.9099,7589.7994,18928.6942
2020-04-29,6476.4693,7458.2322,17275.8616
2020-04-28,6620.6482,7304.4439,14142.4007
2020-04-27,6609.2874,7247.8656,13633.6480
2020-04-26,6614.4502,7185.1440,12892.0817
2020-04-25,6611.8134,7128.4567,12294.8891
2020-04-24,6589.5408,7082.8299,12015.7207
2020-04-23,6581.6202,7037.3240,11594.3614
2020-04-22,6568.7390,6990.4081,11207.0995
2020-04-21,6550.8484,6975.9396,11226.8514
2020-04-20,6541.8485,6987.5519,11444.5856
2020-04-19,6494.2611,6998.5660,12041.6154
2020-04-18,6427.8804,6978.1300,12480.6256
2020-04-17,6252.9679,6939.0063,13799.3905
2020-04-16,6189.5225,6917.1689,14193.6334
2020-04-15,6147.0938,6884.7094,14260.8652
2020-04-14,6163.6405,6898.5839,14248.0174
2020-04-13,6153.6054,6887.9799,14231.7246
2020-04-12,6146.4115,6879.8645,14214.3941
2020-04-11,6123.2803,6863.3963,14264.5563
2020-04-10,6008.0295,6844.4451,15208.6012
2020-04-09,5965.6833,6824.0000,15407.1661
2020-04-08,5932.5210,6757.9949,15012.7331
2020-04-07,5914.1119,6678.8769,14326.5262
2020-04-06,5756.9741,6606.7823,15104.8644
2020-04-05,5630.6681,6512.4550,15330.3244
2020-04-04,5436.6931,6462.8830,16724.7825
2020-04-03,5341.6057,6398.1686,16963.7981
2020-04-02,5227.7018,6337.7198,17437.8996
2020-04-01,5181.7552,6265.7695,17105.9131
2020-03-31,5026.8715,6199.4406,17925.1315
2020-03-30,4713.6806,6162.5102,20650.8059
2020-03-29,4476.0123,6134.2530,22716.6599
2020-03-28,4328.8936,6164.6037,24521.7044
2020-03-27,4167.3261,6169.6784,26193.2015
2020-03-26,3874.4375,6175.1263,29182.0139
2020-03-25,3569.4342,6155.9528,32021.1391
2020-03-24,3343.4197,6153.8072,34257.6826
2020-03-23,3199.2968,6154.8061,35709.8995
2020-03-22,3115.8414,6193.1429,36966.1584
2020-03-21,3147.8004,6308.2485,37912.7295
2020-03-20,3198.0639,6399.2070,38410.6380
2020-03-19,3274.0799,6499.1543,38749.8986
2020-03-18,3373.7765,6615.5318,39033.0840
2020-03-17,3657.2848,6821.5129,38463.7938
2020-03-16,4020.5743,7051.6874,37362.8190
2020-03-15,4492.2786,7329.2918,35699.4241
2020-03-14,4927.9802,7595.6973,34272.8682
2020-03-13,5507.3931,7902.8130,31857.0118
2020-03-12,6117.3613,8190.6022,28923.0117
2020-03-11,7390.9797,8575.7680,20423.6507
2020-03-10,7519.7823,8670.3218,20175.7161
2020-03-09,7694.9342,8776.7729,19595.1589
2020-03-08,7817.3249,8890.5032,19622.2860
2020-03-07,8025.8583,9002.3473,18767.2375
2020-03-06,8026.3905,9037.8276,19152.1984
2020-03-05,8006.1950,9053.6339,19528.0226
2020-03-04,7948.1616,9082.9338,20430.6564
2020-03-03,7989.9757,9148.2098,20730.5509
2020-03-02,8043.6288,9220.0685,20984.4657
2020-03-01,8102.0832,9283.3770,21096.3150
2020-02-29,8306.3791,9389.4814,20220.5047
2020-02-28,8531.5926,9504.1265,19229.4662
2020-02-27,8758.0981,9608.3723,18111.1144
2020-02-26,8978.7536,9704.9253,16966.6418
2020-02-25,9264.6397,9809.7923,15261.3186
2020-02-24,9369.2851,9865.5375,14828.0613
2020-02-23,9311.0890,9886.6878,15642.6762
2020-02-22,9249.4615,9878.0783,16164.2471
2020-02-21,9232.2220,9895.1424,16524.3465
2020-02-20,9220.1280,9908.3197,16790.2367
2020-02-19,9216.5330,9928.0163,17042.8492
2020-02-18,9230.5072,9947.5797,17118.3048
2020-02-17,9180.9508,9908.6593,17185.7443
2020-02-16,9165.4425,9911.8457,17375.8775
2020-02-15,9066.0846,9890.1030,18130.2879
2020-02-14,8923.3362,9863.4141,19264.1929
2020-02-13,8751.0816,9785.3129,20127.6254
2020-02-12,8626.2622,9709.6115,20543.1045
2020-02-11,8524.6811,9615.5361,20524.0856
2020-02-10,8477.0992,9523.9697,19992.6743
2020-02-09,8428.4873,9462.4470,19802.0440
2020-02-08,8400.3692,9365.1730,19013.2108
2020-02-07,8372.1088,9286.6640,18432.2158
2020-02-06,8361.4933,9211.6246,17712.9377
2020-02-05,8357.6737,9136.4703,16924.4365
2020-02-04,8342.0843,9072.3026,16374.4861
2020-02-03,8323.9646,9045.8720,16264.9461
2020-02-02,8305.6271,9008.0765,16032.5704
2020-02-01,8209.8985,8960.7259,16468.9992
2020-01-31,8145.5591,8902.6056,16473.0700
2020-01-30,8065.1334,8841.1592,16601.4175
2020-01-29,8045.9382,8758.1767,15880.5614
2020-01-28,7957.4787,8688.2886,15996.3872
2020-01-27,7942.6395,8605.2013,15230.8196
2020-01-26,7910.4945,8562.9260,15087.2404
2020-01-25,7827.9565,8544.4335,15709.2032
2020-01-24,7694.1636,8547.4009,17079.7730
2020-01-23,7575.3850,8535.8288,18140.2661
2020-01-22,7474.2226,8522.4950,19005.2181
2020-01-21,7303.2588,8474.5257,20187.1939
2020-01-20,7198.6502,8414.1346,20568.9781
2020-01-19,7105.7875,8355.7743,20855.6428
2020-01-18,7030.3500,8284.8298,20829.6283
2020-01-17,6989.9505,8186.2047,20148.7472
2020-01-16,6959.5943,8080.2294,19286.5806
2020-01-15,6925.0952,7985.6833,18591.5644
2020-01-14,6917.5368,7873.7686,17436.0872
2020-01-13,6944.8749,7755.2950,15859.4960
2020-01-12,6918.6967,7699.3871,15506.2920
2020-01-11,6909.1276,7632.2380,14863.3410
2020-01-10,6898.6609,7578.3308,14375.0300
2020-01-09,6901.7958,7502.4976,13509.5158
2020-01-08,6884.3132,7459.7848,13214.5002
2020-01-07,6901.9709,7390.0715,12271.0775
2020-01-06,6997.4962,7307.7228,10409.9887
2020-01-05,6904.6140,7256.8570,10779.2870
2020-01-04,6867.1880,7241.7911,10987.8229
2020-01-03,6856.7206,7226.0456,10919.2956
2020-01-02,6843.9853,7209.8339,10868.3192
2020-01-01,6876.6608,7231.1353,10775.8805
2019-12-31,6875.5706,7230.0292,10774.6156
2019-12-30,6874.9617,7229.5288,10775.1992
2019-12-29,6870.0853,7224.0889,10764.1250
2019-12-28,6855.8236,7204.8662,10695.2919
2019-12-27,6820.5458,7193.4338,10922.3142
2019-12-26,6795.4150,7188.9608,11124.4192
2019-12-25,6773.6237,7191.0605,11365.4291
2019-12-24,6770.3729,7193.7877,11427.9358
2019-12-23,6767.7430,7191.3518,11427.4396
2019-12-22,6760.2189,7182.9598,11410.3693
2019-12-21,6750.7019,7156.0242,11209.2475
2019-12-20,6755.4544,7165.4311,11265.1982
2019-12-19,6740.3364,7171.2784,11480.6987
2019-12-18,6705.6058,7183.5065,11962.5137
2019-12-17,6702.4409,7184.2634,12002.4884
2019-12-16,6868.6216,7251.5199,11080.5028
2019-12-15,6957.5670,7294.5212,10664.0633
2019-12-14,6977.6953,7315.8730,10697.6493
2019-12-13,6971.2485,7341.6534,11045.7025
2019-12-12,6980.2308,7349.1695,11038.5566
2019-12-11,6997.8864,7362.7720,11011.6276
2019-12-10,6997.1972,7377.2285,11177.5416
2019-12-09,6903.1761,7394.5007,12307.7464
2019-12-08,6821.3629,7404.6528,13237.5516
2019-12-07,6734.6948,7401.6986,14071.7365
2019-12-06,6603.1484,7405.6595,15430.7706
2019-12-05,6505.1922,7410.4698,16463.2455
2019-12-04,6453.6129,7433.6235,17233.7288
2019-12-03,6430.1584,7482.2341,18002.9911
2019-12-02,6396.7836,7528.5430,18846.1368
2019-12-01,6386.9350,7581.9768,19532.3951
2019-11-30,6399.2663,7632.6020,19965.9592
2019-11-29,6364.7688,7675.9776,20788.0651
2019-11-28,6354.1508,7705.6100,21220.2012
2019-11-27,6418.3367,7772.1854,21310.6726
2019-11-26,6434.7410,7838.4136,21875.1394
2019-11-25,6548.3164,7948.5966,21951.3988
2019-11-24,6724.2462,8073.6867,21568.0916
2019-11-23,7011.5212,8230.2809,20417.8782
2019-11-22,7248.7294,8356.9577,19439.2408
2019-11-21,7551.8806,8497.3873,17952.4549
2019-11-20,7794.2624,8611.2154,16780.7452
2019-11-19,7929.1477,8685.2217,16245.9622
2019-11-18,8077.3842,8760.6970,15593.8252
2019-11-17,8213.0467,8836.8859,15075.2777
2019-11-16,8297.5499,8886.3992,14774.8919
2019-11-15,8366.5826,8941.9435,14695.5531
2019-11-14,8495.4514,9002.9358,14077.7801
2019-11-13,8541.3406,9047.3059,14106.9586
2019-11-12,8182.2615,9072.7545,17977.6846
2019-11-11,7963.8475,9087.4807,20323.8122
2019-11-10,7912.0025,9107.2550,21059.7803
2019-11-09,7856.8486,9093.8570,21463.9413
2019-11-08,7828.2010,9099.5788,21813.3567
2019-11-07,7771.5097,9104.7666,22437.3349
2019-11-06,7688.2144,9061.7706,22797.3329
2019-11-05,7622.2765,9001.0343,22788.6123
2019-11-04,7554.6919,8936.9213,22759.2153
2019-11-03,7507.6430,8858.8660,22371.0961
2019-11-02,7472.1795,8795.6979,22030.8817
2019-11-01,7438.1910,8718.6692,21523.4521
2019-10-31,7407.9304,8642.7200,20990.6155
2019-10-30,7378.2322,8571.2129,20501.0200
2019-10-29,7351.7183,8495.5435,19933.7957
2019-10-28,7347.8271,8391.7556,18831.0399
2019-10-27,7340.0008,8302.3146,17925.4521
2019-10-26,7407.6093,8175.5610,15855.0779
2019-10-25,7452.7507,8070.8210,14251.5237
2019-10-24,7448.9928,8018.3228,13711.6224
2019-10-23,7614.8553,8087.6194,12815.2604
2019-10-22,7796.9121,8155.3595,11739.8340
2019-10-21,7812.8897,8172.0156,11763.2739
2019-10-20,7810.6027,8172.2420,11788.6340
2019-10-19,7806.6561,8170.2988,11806.7252
2019-10-18,7842.6004,8195.0347,11719.3771
2019-10-17,7889.4083,8221.0649,11537.6307
2019-10-16,7910.6362,8235.8376,11487.8508
2019-10-15,7942.2281,8258.4617,11420.7972
2019-10-14,7940.3027,8266.4180,11527.5703
2019-10-13,7915.8231,8257.0730,11669.5715
2019-10-12,7541.9689,8261.4949,15456.7552
2019-10-11,7236.9643,8271.7605,18619.7225
2019-10-10,7055.3351,8294.2151,20683.0154
2019-10-09,6857.5013,8295.8124,22678.9235
2019-10-08,6693.4011,8305.1685,24422.8429
2019-10-07,6641.2094,8361.3608,25562.8748
2019-10-06,6618.6059,8424.9994,26488.9344
2019-10-05,6690.2787,8532.0374,26949.6238
2019-10-04,6739.3696,8623.5373,27465.2150
2019-10-03,6818.4462,8724.4615,27784.6146
2019-10-02,6913.8173,8827.2024,27961.0536
2019-10-01,7006.2412,8926.7788,28132.1553
2019-09-30,7165.7092,9041.6690,27801.2668
2019-09-29,7358.3148,9165.4678,27236.9977
2019-09-28,7638.4661,9323.4080,26172.8271
2019-09-27,7917.6288,9476.9796,25070.4873
2019-09-26,8254.4407,9643.3890,23532.8723
2019-09-25,8729.4502,9831.3157,20849.9704
2019-09-24,9153.2249,9994.5187,18407.4565
2019-09-23,9766.9356,10161.5887,14108.1201
2019-09-22,9878.6582,10217.8532,13609.8031
2019-09-21,9927.3637,10244.4926,13415.7814
2019-09-20,9890.2087,10273.9329,14111.1748
2019-09-19,9792.4273,10283.2535,15191.5153
2019-09-18,9708.2356,10282.2230,16022.0969
2019-09-17,9629.0973,10286.3708,16859.1061
2019-09-16,9595.5849,10285.3595,17183.1056
2019-09-15,9589.0309,10277.9860,17167.5361
2019-09-14,9573.8784,10266.1183,17188.5176
2019-09-13,9561.6430,10250.1910,17135.6711
2019-09-12,9548.6334,10232.6042,17072.3119
2019-09-11,9525.8080,10207.9485,17029.3535
2019-09-10,9524.8818,10207.4601,17033.2438
2019-09-09,9530.7785,10212.9148,17034.2779
2019-09-08,9471.5877,10201.0265,17495.4146
2019-09-07,9390.7124,10184.2485,18119.6096
2019-09-06,9372.9051,10159.6462,18027.0574
2019-09-05,9364.1779,10149.6167,18004.0049
2019-09-04,9343.3309,10113.1675,17811.5333
2019-09-03,9323.6881,10075.1769,17590.0645
2019-09-02,9305.7961,10029.9000,17270.9386
2019-09-01,9221.8827,10013.4722,17929.3680
2019-08-31,9135.4593,10063.5754,19344.7370
2019-08-30,9100.6270,10136.1200,20491.0507
2019-08-29,9163.6263,10217.1569,20752.4631
2019-08-28,9179.7659,10317.7345,21697.4203
2019-08-27,9174.3314,10407.9671,22744.3243
2019-08-26,9126.6702,10462.5283,23821.1096
2019-08-25,9145.4196,10504.5439,24095.7873
2019-08-24,9185.4026,10576.4515,24486.9400
2019-08-23,9306.7028,10652.9385,24115.2954
2019-08-22,9382.9985,10707.1555,23948.7257
2019-08-21,9509.6140,10790.9786,23604.6245
2019-08-20,9617.1306,10871.8428,23418.9641
2019-08-19,9577.2174,10890.6175,24024.6186
2019-08-18,9442.7465,10888.2401,25343.1764
2019-08-17,9391.6789,10940.0345,26423.5905
2019-08-16,9367.8283,10997.2609,27291.5874
2019-08-15,9318.9639,11039.4139,28243.9132
2019-08-14,9324.4532,11082.9110,28667.4884
2019-08-13,9375.2490,11148.7923,28884.2259
2019-08-12,9307.0430,11129.0726,29349.3691
2019-08-11,9229.2573,11054.1216,29302.7647
2019-08-10,9183.1144,10958.7541,28715.1520
2019-08-09,9141.5242,10882.8788,28296.4246
2019-08-08,9117.5796,10747.2255,27043.6842
2019-08-07,9124.3767,10593.0432,25279.7082
2019-08-06,9153.1323,10434.7988,23251.4636
2019-08-05,9123.1950,10314.9020,22231.9724
2019-08-04,9165.7379,10150.5700,19998.8919
2019-08-03,9101.1457,10071.4804,19774.8275
2019-08-02,9086.0134,10000.0322,19140.2211
2019-08-01,8902.5958,9960.4613,20539.1164
2019-07-31,8665.0972,9941.6400,22707.0677
2019-07-30,8584.4892,9956.8738,23680.7197
2019-07-29,8474.1165,10032.3959,25615.1900
2019-07-28,8357.9814,10128.7141,27836.0406
2019-07-27,8373.7082,10234.6469,28844.0330
2019-07-26,8549.8981,10355.9611,28416.5914
2019-07-25,8684.3764,10451.0035,28117.2742
2019-07-24,8832.4440,10545.9194,27680.6737
2019-07-23,9020.3725,10658.5220,27040.0166
2019-07-22,9157.4322,10771.3269,26910.2735
2019-07-21,9256.9163,10841.2487,26684.5725
2019-07-20,9305.3777,10887.6118,26709.9523
2019-07-19,9341.9864,10920.1571,26701.8636
2019-07-18,9388.3533,10981.8340,26916.6413
2019-07-17,9377.5681,11040.2542,27667.1156
2019-07-16,9699.9955,11197.9451,26177.4412
2019-07-15,9971.0435,11394.7828,25632.1763
2019-07-14,10067.3352,11463.0469,25420.1639
2019-07-13,10330.5750,11598.8024,24281.0757
2019-07-12,10319.6213,11619.8851,24622.5229
2019-07-11,10249.7550,11597.8396,25078.6854
2019-07-10,10136.6046,11609.6207,26339.7816
2019-07-09,9868.7238,11536.1596,28210.5172
2019-07-08,9603.4642,11405.6093,29427.0607
2019-07-07,9340.8956,11289.0550,30770.6497
2019-07-06,9168.2963,11241.8099,31976.9456
2019-07-05,8964.4165,11197.8592,33532.2865
2019-07-04,8778.2501,11170.8284,35096.6114
2019-07-03,8575.5966,11115.2525,36511.8115
2019-07-02,8314.8663,10966.3049,37480.6909
2019-07-01,8093.9773,10908.9182,39058.3268
2019-06-30,7871.1288,10859.2380,40740.3302
2019-06-29,7670.3608,10774.0590,41811.0414
2019-06-28,7440.9833,10568.6152,41844.9342
2019-06-27,7318.4679,10294.3286,40052.9356
2019-06-26,7179.7684,10106.0578,39368.9517
2019-06-25,7280.4034,9724.5332,34165.8318
2019-06-24,7286.2401,9444.9822,31032.4032
2019-06-23,7249.5436,9222.1732,28948.4693
2019-06-22,7289.4486,9000.4126,26110.0525
2019-06-21,7383.9604,8785.9276,22805.6003
2019-06-20,7445.7524,8617.9998,20340.4737
2019-06-19,7448.9613,8506.7038,19084.1289
2019-06-18,7443.0953,8415.6300,18140.9769
2019-06-17,7419.5236,8339.0462,17534.2722
2019-06-16,7421.7178,8237.4791,16395.0921
2019-06-15,7383.6866,8169.3195,16025.6490
2019-06-14,7352.4219,8114.0091,15729.8812
2019-06-13,7330.1020,8070.8388,15478.2064
2019-06-12,7320.0881,8067.5520,15542.1908
2019-06-11,7310.4125,8071.6073,15683.5552
2019-06-10,7309.4062,8097.5595,15979.0928
2019-06-09,7321.4969,8113.8218,16037.0706
2019-06-08,7403.1726,8165.3337,15786.9444
2019-06-07,7441.0053,8192.7745,15710.4658
2019-06-06,7358.3796,8208.4949,16709.6478
2019-06-05,7335.0827,8240.6208,17296.0014
2019-06-04,7374.6928,8274.1471,17268.6897
2019-06-03,7442.1121,8318.4936,17082.3093
2019-06-02,7440.3477,8321.2018,17129.7423
2019-06-01,7410.1849,8261.3458,16772.9541
2019-05-31,7254.6511,8211.3061,17777.8569
2019-05-30,7146.4941,8153.1838,18220.0800
2019-05-29,6908.9694,8113.2185,20155.7090
2019-05-28,6683.2207,8025.8280,21451.9000
2019-05-27,6456.1924,7918.7824,22544.6829
2019-05-26,6247.2561,7794.0056,23261.5003
2019-05-25,6052.2481,7669.0914,23837.5245
2019-05-24,5879.1174,7589.5610,24693.9972
2019-05-23,5736.3218,7505.6278,25198.6869
2019-05-22,5602.4366,7422.5915,25624.1404
2019-05-21,5446.6201,7350.6317,26390.7472
2019-05-20,5292.9093,7240.3362,26714.6056
2019-05-19,5153.0919,7114.4078,26727.5667
2019-05-18,5038.3572,6954.5891,26116.9079
2019-05-17,4925.9998,6870.3450,26313.7972
2019-05-16,4823.4969,6766.9783,26201.7918
2019-05-15,4762.9751,6602.7587,25000.5951
2019-05-14,4769.0413,6395.6079,22661.2731
2019-05-13,4824.1996,6197.5696,19931.2696
2019-05-12,4944.1779,6003.5294,16597.0447
2019-05-11,4967.5985,5880.2408,15006.6637
2019-05-10,5074.1525,5737.9127,12375.5153
2019-05-09,5091.3437,5657.3761,11317.7001
2019-05-08,5105.2999,5587.9466,10414.4134
2019-05-07,5104.8617,5536.1788,9849.3498
2019-05-06,5093.4211,5494.7704,9508.2640
2019-05-05,5077.2774,5460.0141,9287.3808
2019-05-04,5050.7710,5419.0327,9101.6496
2019-05-03,5064.5989,5369.6000,8419.6113
2019-05-02,5079.0917,5322.1090,7752.2823
2019-05-01,5058.9035,5299.1491,7701.6051
2019-04-30,5032.0746,5284.8919,7813.0653
2019-04-29,5024.5090,5276.5168,7796.5949
2019-04-28,5021.0404,5275.5953,7821.1450
2019-04-27,5015.7128,5267.7300,7787.9013
2019-04-26,5009.4923,5260.3940,7769.4109
2019-04-25,4992.1247,5250.0180,7828.9509
2019-04-24,4975.5245,5247.5899,7968.2438
2019-04-23,4942.8499,5224.1220,8036.8431
2019-04-22,4933.5841,5190.5260,7759.9446
2019-04-21,4902.5919,5167.5183,7816.7827
2019-04-20,4656.4491,5148.8365,10072.7104
2019-04-19,4488.3417,5121.1090,11448.7818
2019-04-18,4360.6203,5091.0448,12395.2903
2019-04-17,4254.6819,5055.5026,13063.7089
2019-04-16,4151.1139,5019.6622,13705.1448
2019-04-15,4063.7458,4981.1853,14155.5797
2019-04-14,3976.0765,4951.7512,14708.4981
2019-04-13,3894.1965,4906.4973,15029.5052
2019-04-12,3829.2684,4864.4270,15216.0121
2019-04-11,3771.8688,4817.1290,15269.7308
2019-04-10,3717.9648,4767.8423,15266.6175
2019-04-09,3680.6204,4684.5308,14723.6347
2019-04-08,3650.0873,4611.0194,14220.3405
2019-04-07,3636.1323,4523.4159,13396.2515
2019-04-06,3630.6868,4436.5272,12494.9318
2019-04-05,3628.6962,4356.6141,11635.7928
2019-04-04,3643.3997,4275.6525,10598.1812
2019-04-03,3661.4038,4200.1714,9587.8482
2019-04-02,3725.2801,4116.4319,8027.9499
2019-04-01,3890.4959,4035.1442,5481.6272
2019-03-31,3881.9127,4020.4889,5406.2505
2019-03-30,3870.9978,4008.5947,5384.5638
2019-03-29,3868.7241,3995.5075,5263.3412
2019-03-28,3870.7326,3982.0116,5094.8020
2019-03-27,3860.4357,3974.9247,5119.8145
2019-03-26,3853.4899,3966.0797,5091.9776
2019-03-25,3847.0746,3965.3455,5148.0548
2019-03-24,3841.7142,3965.4219,5202.4994
2019-03-23,3804.7319,3958.8408,5499.9298
2019-03-22,3793.0237,3949.9984,5519.7452
2019-03-21,3784.0246,3942.1779,5523.7107
2019-03-20,3776.2412,3934.2058,5513.8516
2019-03-19,3772.4226,3919.1987,5386.9596
2019-03-18,3769.2024,3905.8713,5272.5605
2019-03-17,3765.0211,3894.3336,5187.4588
2019-03-16,3763.6796,3882.7014,5072.9200
2019-03-15,3758.7227,3867.4540,4954.7661
2019-03-14,3702.7941,3860.9608,5442.6272
2019-03-13,3694.6418,3859.3137,5506.0328
2019-03-12,3690.9607,3859.0652,5540.1105
2019-03-11,3683.3659,3857.6377,5600.3554
2019-03-10,3682.2978,3857.4416,5608.8793
2019-03-09,3678.5144,3852.8530,5596.2380
2019-03-08,3653.1102,3844.4555,5757.9087
2019-03-07,3625.1458,3842.3271,6014.1409
2019-03-06,3597.7287,3838.0742,6241.5294
2019-03-05,3572.5338,3833.6532,6444.8471
2019-03-04,3553.3094,3828.4412,6579.7587
2019-03-03,3553.5975,3836.3947,6664.3664
2019-03-02,3542.6834,3834.7020,6754.8872
2019-03-01,3535.6903,3831.1832,6786.1124
2019-02-28,3527.4179,3826.6205,6818.6471
2019-02-27,3519.4232,3822.2081,6850.0575
2019-02-26,3473.8696,3815.3801,7230.4848
2019-02-25,3436.7078,3807.4709,7515.1017
2019-02-24,3412.5630,3796.0848,7631.3031
2019-02-23,3393.8120,3791.3981,7767.2594
2019-02-22,3388.7248,3747.9321,7340.0050
2019-02-21,3379.8283,3717.1231,7090.0709
2019-02-20,3370.3672,3686.4025,6846.7555
2019-02-19,3370.1656,3650.0426,6448.8123
2019-02-18,3374.0897,3617.4418,6050.9623
2019-02-17,3384.8502,3583.3944,5568.8371
2019-02-16,3375.3954,3570.2374,5518.6581
2019-02-15,3370.5855,3561.4415,5470.0013
2019-02-14,3365.4354,3553.9865,5439.4976
2019-02-13,3360.4572,3547.5454,5418.4276
2019-02-12,3354.9285,3539.1206,5381.0417
2019-02-11,3350.3856,3528.2203,5306.5681
2019-02-10,3345.1152,3517.0729,5236.6499
2019-02-09,3346.0841,3500.5284,5044.9721
2019-02-08,3347.4491,3484.8016,4858.3266
2019-02-07,3330.8684,3469.6894,4857.8994
2019-02-06,3343.9816,3480.3356,4843.8753
2019-02-05,3356.4187,3491.3220,4840.3548
2019-02-04,3360.2555,3496.5743,4859.7624
2019-02-03,3369.5086,3503.0516,4838.4808
2019-02-02,3375.6052,3510.8154,4862.9181
2019-02-01,3376.8155,3514.0023,4885.8708
2019-01-31,3387.9791,3521.8324,4860.3647
2019-01-30,3407.1888,3533.1225,4792.4590
2019-01-29,3423.8478,3542.7273,4731.5228
2019-01-28,3359.7284,3559.4675,5556.8584
2019-01-27,3332.2497,3576.4875,6018.8655
2019-01-26,3295.6705,3584.4162,6471.8733
2019-01-25,3267.9664,3592.9837,6843.1559
2019-01-24,3276.5270,3602.5267,6862.5238
2019-01-23,3285.3873,3612.7164,6886.0069
2019-01-22,3301.1058,3625.5249,6869.7155
2019-01-21,3309.9891,3637.9783,6917.8705
2019-01-20,3335.6646,3655.9120,6858.3852
2019-01-19,3363.3955,3673.4457,6773.9477
2019-01-18,3368.9786,3679.6280,6786.1215
2019-01-17,3388.0668,3692.9963,6742.2916
2019-01-16,3402.3841,3705.3943,6735.4962
2019-01-15,3414.3798,3719.9994,6776.1952
2019-01-14,3446.5753,3739.3677,6667.2911
2019-01-13,3465.6293,3752.3507,6619.5647
2019-01-12,3507.9684,3782.0804,6523.2007
2019-01-11,3539.8515,3803.3348,6438.1683
2019-01-10,3571.7712,3824.5130,6351.9311
2019-01-09,3620.3854,3848.3644,6128.1551
2019-01-08,3596.3309,3836.3471,6236.5099
2019-01-07,3578.1157,3824.0322,6283.1967
2019-01-06,3561.4017,3808.2464,6276.6938
2019-01-05,3523.7190,3789.0249,6442.0837
2019-01-04,3428.0264,3787.8533,7386.1224
2019-01-03,3350.9683,3781.9138,8091.3688
2019-01-02,3292.4767,3775.7932,8608.9584
2019-01-01,3250.6395,3758.2817,8834.7031
2018-12-31,3231.1208,3744.9428,8883.1631
2018-12-30,3211.9146,3739.0434,9010.3316
2018-12-29,3192.8250,3721.9572,9013.2795
2018-12-28,3185.2663,3714.3084,9004.7302
2018-12-27,3165.2474,3690.9114,8947.5514
2018-12-26,3160.4620,3692.5745,9013.6996
2018-12-25,3147.4319,3672.9730,8928.3832
2018-12-24,3129.2946,3656.5288,8928.8703
2018-12-23,3096.4088,3614.8428,8799.1830
2018-12-22,3067.9505,3580.3964,8704.8551
2018-12-21,2994.2569,3545.1314,9053.8761
2018-12-20,2919.1590,3522.0395,9550.8447
2018-12-19,2877.1751,3478.8167,9495.2329
2018-12-18,2800.9015,3475.5064,10221.5550
2018-12-17,2746.2840,3475.9897,10773.0470
2018-12-16,2759.7174,3491.9213,10813.9598
2018-12-15,2831.2252,3537.5754,10601.0769
2018-12-14,2903.0306,3589.0060,10448.7597
2018-12-13,2997.3252,3642.6235,10095.6069
2018-12-12,3033.0229,3694.1494,10305.4144
2018-12-11,3063.8847,3736.4668,10462.2876
2018-12-10,3081.6159,3791.0359,10885.2361
2018-12-09,3132.0057,3845.9678,10985.5890
2018-12-08,3115.5725,3896.6848,11707.8076
2018-12-07,2984.8368,3970.9249,13831.8062
2018-12-06,2955.3224,4056.4619,15067.8571
