,SlowD,SlowK
2021-08-11,92.0507,91.8404
2021-08-10,92.3556,90.3678
2021-08-09,93.0104,93.9439
2021-08-08,89.6698,92.7549
2021-08-07,83.6228,92.3323
2021-08-06,76.6456,83.9221
2021-08-05,73.1090,74.6141
2021-08-04,75.5636,71.4008
2021-08-03,81.8739,73.3123
2021-08-02,88.9991,81.9778
2021-08-01,93.2261,90.3316
2021-07-31,93.6859,94.6879
2021-07-30,90.2732,94.6587
2021-07-29,87.6811,91.7111
2021-07-28,86.2834,84.4498
2021-07-27,88.4226,86.8825
2021-07-26,84.8632,87.5180
2021-07-25,76.7432,90.8673
2021-07-24,59.5291,76.2042
2021-07-23,42.0294,63.1581
2021-07-22,24.9529,39.2250
2021-07-21,15.9923,23.7051
2021-07-20,12.0028,11.9284
2021-07-19,11.6834,12.3432
2021-07-18,13.2970,11.7367
2021-07-17,16.0985,10.9704
2021-07-16,19.9190,17.1840
2021-07-15,23.8344,20.1412
2021-07-14,28.6342,22.4318
2021-07-13,36.5043,28.9301
2021-07-12,41.5427,34.5406
2021-07-11,47.4317,46.0424
2021-07-10,50.1833,44.0450
2021-07-09,55.8695,52.2078
2021-07-08,61.6797,54.2970
2021-07-07,68.1417,61.1037
2021-07-06,72.4722,69.6383
2021-07-05,70.2755,73.6830
2021-07-04,64.8184,74.0953
2021-07-03,58.8594,63.0482
2021-07-02,56.0739,57.3118
2021-07-01,53.9837,56.2183
2021-06-30,48.6077,54.6917
2021-06-29,41.1586,51.0411
2021-06-28,34.8933,40.0902
2021-06-27,33.5154,32.3445
2021-06-26,35.5400,32.2453
2021-06-25,33.0559,35.9564
2021-06-24,29.9598,38.4184
2021-06-23,27.5794,24.7929
2021-06-22,34.2701,26.6680
2021-06-21,43.0172,31.2772
2021-06-20,53.3097,44.8652
2021-06-19,63.7242,52.9091
2021-06-18,74.3344,62.1550
2021-06-17,84.4720,76.1085
2021-06-16,86.0824,84.7396
2021-06-15,82.6099,92.5678
2021-06-14,73.4542,80.9397
2021-06-13,69.7571,74.3222
2021-06-12,62.6533,65.1007
2021-06-11,51.5555,69.8482
2021-06-10,34.9328,53.0108
2021-06-09,26.2615,31.8075
2021-06-08,30.8151,19.9800
2021-06-07,43.8638,26.9969
2021-06-06,55.8734,45.4684
2021-06-05,60.6706,59.1261
2021-06-04,57.8645,63.0258
2021-06-03,51.1880,59.8598
2021-06-02,42.6774,50.7078
2021-06-01,35.1561,42.9964
2021-05-31,30.8604,34.3279
2021-05-30,31.6495,28.1438
2021-05-29,34.7634,30.1096
2021-05-28,36.3009,36.6951
2021-05-27,32.6166,37.4855
2021-05-26,28.1714,34.7220
2021-05-25,23.8881,25.6423
2021-05-24,24.8429,24.1497
2021-05-23,26.0091,21.8723
2021-05-22,25.7419,28.5066
2021-05-21,20.2744,27.6483
2021-05-20,14.4205,21.0707
2021-05-19,10.8483,12.1041
2021-05-18,12.4506,10.0868
2021-05-17,15.8994,10.3539
2021-05-16,19.6824,16.9111
2021-05-15,24.8431,20.4331
2021-05-14,31.2099,21.7031
2021-05-13,45.9114,32.3930
2021-05-12,60.8718,39.5337
2021-05-11,77.6248,65.8076
2021-05-10,84.5359,77.2741
2021-05-09,86.7639,89.7927
2021-05-08,81.0254,86.5408
2021-05-07,77.0861,83.9583
2021-05-06,73.6205,72.5772
2021-05-05,77.0691,74.7228
2021-05-04,78.0407,73.5614
2021-05-03,74.5371,82.9230
2021-05-02,64.2255,77.6376
2021-05-01,53.0071,63.0506
2021-04-30,46.5977,51.9883
2021-04-29,39.9864,43.9824
2021-04-28,32.6651,43.8224
2021-04-27,23.3345,32.1545
2021-04-26,17.4906,22.0183
2021-04-25,15.6736,15.8307
2021-04-24,17.9824,14.6227
2021-04-23,23.5243,16.5674
2021-04-22,30.3033,22.7571
2021-04-21,36.0045,31.2484
2021-04-20,42.0659,36.9044
2021-04-19,51.1818,39.8609
2021-04-18,62.8096,49.4325
2021-04-17,75.1439,64.2520
2021-04-16,81.5213,74.7444
2021-04-15,84.1616,86.4352
2021-04-14,80.3514,83.3843
2021-04-13,76.9239,82.6652
2021-04-12,73.5950,75.0046
2021-04-11,70.8162,73.1018
2021-04-10,69.8180,72.6786
2021-04-09,70.3689,66.6683
2021-04-08,75.4797,70.1071
2021-04-07,78.3765,74.3312
2021-04-06,79.6605,82.0009
2021-04-05,79.2967,78.7973
2021-04-04,81.9889,78.1834
2021-04-03,84.7226,80.9094
2021-04-02,85.0541,86.8738
2021-04-01,79.7020,86.3847
2021-03-31,70.2870,81.9037
2021-03-30,58.5862,70.8177
2021-03-29,45.5992,58.1395
2021-03-28,32.1987,46.8014
2021-03-27,19.7871,31.8567
2021-03-26,14.0489,17.9379
2021-03-25,19.4289,9.5666
2021-03-24,33.8184,14.6421
2021-03-23,52.2239,34.0781
2021-03-22,65.1228,52.7351
2021-03-21,72.9149,69.8586
2021-03-20,74.3341,72.7746
2021-03-19,73.3210,76.1116
2021-03-18,71.3993,74.1162
2021-03-17,73.2897,69.7352
2021-03-16,80.4192,70.3465
2021-03-15,88.9599,79.7873
2021-03-14,93.5540,91.1237
2021-03-13,95.0403,95.9687
2021-03-12,93.3913,93.5696
2021-03-11,88.7222,95.5826
2021-03-10,76.5378,91.0216
2021-03-09,60.7220,79.5623
2021-03-08,46.5103,59.0296
2021-03-07,40.2046,43.5742
2021-03-06,38.8255,36.9270
2021-03-05,40.5401,40.1125
2021-03-04,37.4195,39.4371
2021-03-03,32.1462,42.0706
2021-03-02,22.9205,30.7508
2021-03-01,17.7228,23.6172
2021-02-28,17.7405,14.3934
2021-02-27,23.0633,15.1580
2021-02-26,34.2015,23.6701
2021-02-25,48.7014,30.3616
2021-02-24,67.1436,48.5729
2021-02-23,82.4857,67.1697
2021-02-22,91.4059,85.6883
2021-02-21,94.8314,94.5990
2021-02-20,94.4289,93.9303
2021-02-19,93.7621,95.9650
2021-02-18,92.0331,93.3914
2021-02-17,91.0791,91.9299
2021-02-16,90.7154,90.7780
2021-02-15,90.9863,90.5294
2021-02-14,90.5261,90.8386
2021-02-13,90.0728,91.5907
2021-02-12,89.5735,89.1489
2021-02-11,89.8641,89.4789
2021-02-10,89.3792,90.0927
2021-02-09,88.4647,90.0206
2021-02-08,87.6262,88.0244
2021-02-07,88.0829,87.3492
2021-02-06,85.7370,87.5050
2021-02-05,79.5916,89.3944
2021-02-04,67.6224,80.3117
2021-02-03,57.2997,69.0687
2021-02-02,51.5577,53.4867
2021-02-01,50.7436,49.3437
2021-01-31,46.5960,51.8426
2021-01-30,38.9889,51.0445
2021-01-29,30.4068,36.9010
2021-01-28,28.4096,29.0214
2021-01-27,28.3351,25.2981
2021-01-26,29.7710,30.9092
2021-01-25,26.6974,28.7979
2021-01-24,26.3231,29.6057
2021-01-23,27.3209,21.6886
2021-01-22,36.4357,27.6751
2021-01-21,44.8797,32.5989
2021-01-20,52.7332,49.0330
2021-01-19,55.8259,53.0073
2021-01-18,60.2598,56.1592
2021-01-17,64.8227,58.3112
2021-01-16,66.8565,66.3090
2021-01-15,63.9542,69.8481
2021-01-14,60.8528,64.4124
2021-01-13,64.2892,57.6020
2021-01-12,73.6510,60.5440
2021-01-11,84.0473,74.7217
2021-01-10,90.8582,85.6872
2021-01-09,94.1285,91.7331
2021-01-08,93.5011,95.1544
2021-01-07,90.3418,95.4981
2021-01-06,86.7388,89.8509
2021-01-05,87.1297,85.6765
2021-01-04,89.8774,84.6890
2021-01-03,93.8671,91.0236
2021-01-02,94.8680,93.9196
2021-01-01,93.8705,96.6580
2020-12-31,89.6086,94.0263
2020-12-30,86.9750,90.9273
2020-12-29,86.8392,83.8722
2020-12-28,90.6439,86.1256
2020-12-27,92.4509,90.5197
2020-12-26,92.1199,95.2864
2020-12-25,88.5315,91.5465
2020-12-24,86.5580,89.5267
2020-12-23,85.4689,84.5213
2020-12-22,87.4162,85.6259
2020-12-21,88.5936,86.2595
2020-12-20,89.5233,90.3632
2020-12-19,89.3798,89.1580
2020-12-18,88.4770,89.0487
2020-12-17,84.8149,89.9326
2020-12-16,76.7413,86.4496
2020-12-15,65.9727,78.0625
2020-12-14,56.1603,65.7120
2020-12-13,51.4785,54.1435
2020-12-12,52.7628,48.6254
2020-12-11,58.9817,51.6665
2020-12-10,66.6436,57.9966
2020-12-09,74.6686,67.2819
2020-12-08,78.0479,74.6523
2020-12-07,79.1580,82.0717
2020-12-06,77.9645,77.4196
2020-12-05,78.6653,77.9827
2020-12-04,80.0723,78.4911
2020-12-03,79.3762,79.5221
2020-12-02,76.4240,82.2039
2020-12-01,66.2534,76.4026
2020-11-30,55.2028,70.6656
2020-11-29,49.2470,51.6920
2020-11-28,55.7520,43.2508
2020-11-27,70.1658,52.7982
2020-11-26,82.0267,71.2071
2020-11-25,87.7619,86.4921
2020-11-24,89.7119,88.3808
2020-11-23,90.6928,88.4128
2020-11-22,90.5698,92.3421
2020-11-21,89.0223,91.3234
2020-11-20,89.1124,88.0440
2020-11-19,90.3030,87.6995
2020-11-18,90.7345,91.5936
2020-11-17,89.8435,91.6158
2020-11-16,90.5459,88.9940
2020-11-15,92.4828,88.9207
2020-11-14,92.5857,93.7230
2020-11-13,88.9716,94.8046
2020-11-12,84.3354,89.2293
2020-11-11,79.9845,82.8808
2020-11-10,78.7123,80.8961
2020-11-09,79.2014,76.1765
2020-11-08,84.4259,79.0644
2020-11-07,89.6257,82.3633
2020-11-06,91.7868,91.8501
2020-11-05,90.1968,94.6637
2020-11-04,86.8060,88.8468
2020-11-03,86.6027,87.0799
2020-11-02,86.6984,84.4914
2020-11-01,86.4260,88.2367
2020-10-31,85.5252,87.3672
2020-10-30,85.0621,83.6740
2020-10-29,86.6696,85.5344
2020-10-28,87.7384,85.9781
2020-10-27,88.6880,88.4962
2020-10-26,89.2777,88.7410
2020-10-25,88.5555,88.8268
2020-10-24,88.3692,90.2652
2020-10-23,88.2421,86.5745
2020-10-22,89.1345,88.2679
2020-10-21,87.0828,89.8839
2020-10-20,81.4741,89.2517
2020-10-19,76.3186,82.1128
2020-10-18,74.3745,73.0577
2020-10-17,76.6155,73.7854
2020-10-16,78.8049,76.2804
2020-10-15,81.4432,79.7807
2020-10-14,83.4193,80.3535
2020-10-13,85.9661,84.1953
2020-10-12,87.9745,85.7089
2020-10-11,87.2944,87.9942
2020-10-10,81.8866,90.2205
2020-10-09,74.0521,83.6684
2020-10-08,68.3509,71.7710
2020-10-07,65.0620,66.7168
2020-10-06,59.1219,66.5649
2020-10-05,51.4616,61.9045
2020-10-04,47.3997,48.8964
2020-10-03,50.5512,43.5839
2020-10-02,56.2936,49.7189
2020-10-01,59.9661,58.3507
2020-09-30,59.5695,60.8113
2020-09-29,58.2520,60.7365
2020-09-28,56.5554,57.1608
2020-09-27,51.4558,56.8588
2020-09-26,45.6840,55.6465
2020-09-25,38.6689,41.8621
2020-09-24,43.4819,39.5433
2020-09-23,54.2658,34.6015
2020-09-22,71.6699,56.3010
2020-09-21,82.6685,71.8948
2020-09-20,85.8467,86.8140
2020-09-19,79.3498,89.2967
2020-09-18,66.4820,81.4295
2020-09-17,51.1113,67.3233
2020-09-16,38.5067,50.6932
2020-09-15,30.0284,35.3172
2020-09-14,26.6956,29.5096
2020-09-13,24.1919,25.2584
2020-09-12,21.8012,25.3189
2020-09-11,19.5729,21.9985
2020-09-10,18.6361,18.0863
2020-09-09,19.2032,18.6339
2020-09-08,19.7653,19.1880
2020-09-07,18.9474,19.7876
2020-09-06,19.4493,20.3202
2020-09-05,26.4352,16.7343
2020-09-04,38.3119,21.2935
2020-09-03,50.3271,41.2777
2020-09-02,48.9694,52.3646
2020-09-01,42.6309,57.3392
2020-08-31,31.5010,37.2046
2020-08-30,27.0463,33.3489
2020-08-29,22.1613,23.9494
2020-08-28,23.8150,23.8406
2020-08-27,27.0042,18.6940
2020-08-26,34.7076,28.9104
2020-08-25,37.2113,33.4082
2020-08-24,39.9154,41.8042
2020-08-23,40.5788,36.4217
2020-08-22,46.5595,41.5202
2020-08-21,54.5099,43.7945
2020-08-20,66.0690,54.3639
2020-08-19,76.4546,65.3714
2020-08-18,82.0729,78.4717
2020-08-17,82.4822,85.5206
2020-08-16,78.5475,82.2263
2020-08-15,73.1601,79.6996
2020-08-14,69.3967,73.7167
2020-08-13,69.2736,66.0642
2020-08-12,75.1383,68.4094
2020-08-11,79.5646,73.3473
2020-08-10,83.0619,83.6581
2020-08-09,83.1811,81.6884
2020-08-08,82.5937,83.8393
2020-08-07,79.4173,84.0156
2020-08-06,73.8433,79.9262
2020-08-05,73.0073,74.3102
2020-08-04,76.9083,67.2935
2020-08-03,85.6316,77.4180
2020-08-02,89.8278,86.0134
2020-08-01,89.3613,93.4633
2020-07-31,86.1077,90.0068
2020-07-30,83.5247,84.6138
2020-07-29,84.5255,83.7023
2020-07-28,85.2837,82.2579
2020-07-27,87.3037,87.6163
2020-07-26,87.4860,85.9768
2020-07-25,88.3857,88.3180
2020-07-24,81.4718,88.1631
2020-07-23,68.3275,88.6759
2020-07-22,51.3430,67.5765
2020-07-21,43.4395,48.7301
2020-07-20,42.2023,37.7223
2020-07-19,45.1605,43.8661
2020-07-18,48.0260,45.0185
2020-07-17,52.6045,46.5969
2020-07-16,58.6818,52.4626
2020-07-15,62.3838,58.7541
2020-07-14,65.1986,64.8289
2020-07-13,65.0655,63.5683
2020-07-12,69.3048,67.1987
2020-07-11,70.0253,64.4296
2020-07-10,71.1053,76.2862
2020-07-09,60.4876,69.3602
2020-07-08,50.0937,67.6694
2020-07-07,36.5028,44.4334
2020-07-06,30.8581,38.1784
2020-07-05,28.4312,26.8965
2020-07-04,30.7069,27.4995
2020-07-03,34.0256,30.8976
2020-07-02,34.8546,33.7237
2020-07-01,33.2568,37.4555
2020-06-30,29.4134,33.3847
2020-06-29,27.9346,28.9303
2020-06-28,29.9117,25.9252
2020-06-27,37.0084,28.9483
2020-06-26,46.7240,34.8617
2020-06-25,54.3420,47.2151
2020-06-24,55.1120,58.0953
2020-06-23,48.4005,57.7157
2020-06-22,42.7563,49.5249
2020-06-21,40.9326,37.9610
2020-06-20,45.1745,40.7831
2020-06-19,47.9348,44.0537
2020-06-18,45.9193,50.6867
2020-06-17,38.5375,49.0640
2020-06-16,30.4401,38.0072
2020-06-15,25.4871,28.5414
2020-06-14,27.3098,24.7716
2020-06-13,34.1076,23.1484
2020-06-12,47.1345,34.0095
2020-06-11,56.8232,45.1648
2020-06-10,62.5335,62.2292
2020-06-09,61.6573,63.0757
2020-06-08,60.7681,62.2957
2020-06-07,60.1384,59.6006
2020-06-06,59.7475,60.4078
2020-06-05,61.7208,60.4067
2020-06-04,63.9950,58.4281
2020-06-03,70.2974,66.3276
2020-06-02,70.6683,67.2294
2020-06-01,71.8233,77.3352
2020-05-31,65.4139,67.4403
2020-05-30,57.3232,70.6944
2020-05-29,43.1213,58.1072
2020-05-28,31.6477,43.1680
2020-05-27,29.9055,28.0886
2020-05-26,36.6678,23.6864
2020-05-25,47.1039,37.9414
2020-05-24,54.2955,48.3755
2020-05-23,61.0763,54.9949
2020-05-22,69.3537,59.5160
2020-05-21,77.0849,68.7180
2020-05-20,79.5022,79.8272
2020-05-19,75.8374,82.7094
2020-05-18,71.8498,75.9699
2020-05-17,69.6990,68.8330
2020-05-16,68.2819,70.7465
2020-05-15,60.8471,69.5174
2020-05-14,52.0699,64.5818
2020-05-13,48.5939,48.4420
2020-05-12,56.3194,43.1858
2020-05-11,71.5317,54.1538
2020-05-10,83.9101,71.6185
2020-05-09,89.7497,88.8228
2020-05-08,87.7671,91.2892
2020-05-07,84.0854,89.1372
2020-05-06,80.9625,82.8749
2020-05-05,79.7522,80.2441
2020-05-04,78.2944,79.7683
2020-05-03,78.2170,79.2441
2020-05-02,80.4655,75.8707
2020-05-01,87.1378,79.5361
2020-04-30,92.9750,85.9898
2020-04-29,95.3618,95.8876
2020-04-28,92.5565,97.0475
2020-04-27,87.5206,93.1503
2020-04-26,82.4938,87.4716
2020-04-25,74.6435,81.9400
2020-04-24,63.7812,78.0698
2020-04-23,53.4446,63.9207
2020-04-22,52.2140,49.3531
2020-04-21,58.0887,47.0601
2020-04-20,64.5171,60.2288
2020-04-19,58.6694,66.9773
2020-04-18,50.4011,66.3452
2020-04-17,41.0774,42.6857
2020-04-16,46.0366,42.1723
2020-04-15,52.1385,38.3741
2020-04-14,60.6150,57.5635
2020-04-13,65.3289,60.4780
2020-04-12,72.4316,63.8035
2020-04-11,80.7729,71.7054
2020-04-10,87.5148,81.7859
2020-04-09,88.4501,88.8274
2020-04-08,86.3488,91.9309
2020-04-07,79.9868,84.5919
2020-04-06,76.2629,82.5236
2020-04-05,73.6852,72.8448
2020-04-04,74.6253,73.4203
2020-04-03,75.2357,74.7905
2020-04-02,72.6875,75.6650
2020-04-01,69.7842,75.2517
2020-03-31,67.4487,67.1458
2020-03-30,71.7978,66.9550
2020-03-29,75.9739,68.2452
2020-03-28,79.0950,80.1933
2020-03-27,74.7264,79.4831
2020-03-26,68.0456,77.6087
2020-03-25,59.3826,67.0874
2020-03-24,52.3813,59.4406
2020-03-23,47.6815,51.6197
2020-03-22,43.6650,46.0836
2020-03-21,39.6529,45.3411
2020-03-20,33.5588,39.5704
2020-03-19,29.3229,34.0473
2020-03-18,26.6392,27.0586
2020-03-17,27.4147,26.8629
2020-03-16,25.9166,25.9961
2020-03-15,24.2461,29.3852
2020-03-14,19.4248,22.3686
2020-03-13,17.6554,20.9846
2020-03-12,14.1379,14.9213
2020-03-11,14.3172,17.0604
2020-03-10,17.2362,10.4319
2020-03-09,26.7081,15.4592
2020-03-08,33.5488,25.8174
2020-03-07,33.9731,38.8478
2020-03-06,28.5711,35.9812
2020-03-05,22.4633,27.0903
2020-03-04,17.6941,22.6417
2020-03-03,12.7883,17.6580
2020-03-02,10.5679,12.7825
2020-03-01,10.3915,7.9244
2020-02-29,10.9923,10.9969
2020-02-28,11.7724,12.2531
2020-02-27,16.8968,9.7271
2020-02-26,25.1847,13.3370
2020-02-25,32.4715,27.6262
2020-02-24,31.7104,34.5910
2020-02-23,28.0763,35.1974
2020-02-22,29.3749,25.3429
2020-02-21,36.4183,23.6887
2020-02-20,48.1669,39.0932
2020-02-19,52.8961,46.4731
2020-02-18,60.2064,58.9344
2020-02-17,65.8297,53.2806
2020-02-16,77.0271,68.4042
2020-02-15,83.5048,75.8044
2020-02-14,86.8332,86.8726
2020-02-13,87.3866,87.8374
2020-02-12,88.2226,85.7895
2020-02-11,92.0732,88.5329
2020-02-10,94.4870,90.3454
2020-02-09,95.6233,97.3413
2020-02-08,91.5195,95.7742
2020-02-07,85.9298,93.7544
2020-02-06,79.9462,85.0300
2020-02-05,78.6610,79.0051
2020-02-04,80.1453,75.8034
2020-02-03,84.2035,81.1745
2020-02-02,86.7198,83.4580
2020-02-01,90.0950,87.9779
2020-01-31,89.5396,88.7236
2020-01-30,84.4141,93.5835
2020-01-29,70.2173,86.3116
2020-01-28,54.5901,73.3473
2020-01-27,43.1799,50.9929
2020-01-26,43.1600,39.4301
2020-01-25,50.4412,39.1166
2020-01-24,59.5575,50.9333
2020-01-23,65.5109,61.2737
2020-01-22,70.5761,66.4654
2020-01-21,77.1548,68.7937
2020-01-20,84.8734,76.4690
2020-01-19,90.3272,86.2018
2020-01-18,92.9559,91.9493
2020-01-17,92.3182,92.8307
2020-01-16,90.0090,94.0876
2020-01-15,84.6166,90.0363
2020-01-14,81.1827,85.9032
2020-01-13,76.5505,77.9104
2020-01-12,74.8349,79.7345
2020-01-11,73.8023,72.0067
2020-01-10,79.3668,72.7636
2020-01-09,82.9406,76.6365
2020-01-08,81.1423,88.7002
2020-01-07,71.0484,83.4852
2020-01-06,56.7098,71.2416
2020-01-05,42.6897,58.4185
2020-01-04,33.2581,40.4693
2020-01-03,36.3684,29.1814
2020-01-02,48.8962,30.1237
2020-01-01,62.1758,49.8001
2019-12-31,68.9736,66.7648
2019-12-30,68.4748,69.9625
2019-12-29,65.9269,70.1936
2019-12-28,63.3112,65.2681
2019-12-27,63.3518,62.3190
2019-12-26,67.3432,62.3463
2019-12-25,70.4708,65.3901
2019-12-24,71.6921,74.2932
2019-12-23,66.7345,71.7290
2019-12-22,63.9585,69.0540
2019-12-21,55.7854,59.4206
2019-12-20,44.9594,63.4008
2019-12-19,26.7506,44.5347
2019-12-18,15.0183,26.9427
2019-12-17,11.3361,8.7745
2019-12-16,13.9185,9.3378
2019-12-15,17.5587,15.8961
2019-12-14,20.3751,16.5216
2019-12-13,26.6086,20.2583
2019-12-12,37.8495,24.3455
2019-12-11,51.6021,35.2220
2019-12-10,64.6704,53.9810
2019-12-09,70.4776,65.6033
2019-12-08,68.9708,74.4267
2019-12-07,61.0360,71.4027
2019-12-06,51.7848,61.0830
2019-12-05,46.2076,50.6224
2019-12-04,44.5595,43.6491
2019-12-03,46.7046,44.3514
2019-12-02,48.1390,45.6780
2019-12-01,48.5804,50.0845
2019-11-30,44.1916,48.6546
2019-11-29,38.6459,47.0019
2019-11-28,29.3715,36.9182
2019-11-27,22.8594,32.0175
2019-11-26,17.4511,19.1786
2019-11-25,16.5770,17.3819
2019-11-24,14.6127,15.7928
2019-11-23,11.9333,16.5562
2019-11-22,9.2064,11.4890
2019-11-21,8.8487,7.7547
2019-11-20,9.6344,8.3756
2019-11-19,9.9157,10.4158
2019-11-18,8.9963,10.1116
2019-11-17,9.7308,9.2198
2019-11-16,13.0340,7.6575
2019-11-15,17.2964,12.3152
2019-11-14,20.7097,19.1295
2019-11-13,19.9093,20.4446
2019-11-12,19.0778,22.5551
2019-11-11,21.2291,16.7283
2019-11-10,31.6110,17.9499
2019-11-09,47.0812,29.0090
2019-11-08,59.5908,47.8739
2019-11-07,65.3365,64.3605
2019-11-06,65.5173,66.5379
2019-11-05,64.3870,65.1110
2019-11-04,63.5375,64.9031
2019-11-03,62.2693,63.1470
2019-11-02,62.2235,62.5622
2019-11-01,62.6053,61.0986
2019-10-31,64.8330,63.0097
2019-10-30,65.7808,63.7077
2019-10-29,69.6446,67.7817
2019-10-28,64.9240,65.8531
2019-10-27,55.1124,75.2992
2019-10-26,34.4606,53.6197
2019-10-25,24.5878,36.4182
2019-10-24,24.2354,13.3438
2019-10-23,31.2533,24.0013
2019-10-22,32.3422,35.3611
2019-10-21,27.9764,34.3974
2019-10-20,24.4093,27.2682
2019-10-19,25.5366,22.2635
2019-10-18,31.3638,23.6961
2019-10-17,40.0746,30.6503
2019-10-16,48.2594,39.7451
2019-10-15,52.7097,49.8285
2019-10-14,57.7441,55.2047
2019-10-13,64.7026,53.0960
2019-10-12,71.6590,64.9318
2019-10-11,67.4134,76.0801
2019-10-10,50.2901,73.9651
2019-10-09,30.8223,52.1950
2019-10-08,17.9767,24.7103
2019-10-07,15.8289,15.5616
2019-10-06,17.5485,13.6582
2019-10-05,20.4533,18.2669
2019-10-04,22.0623,20.7203
2019-10-03,21.3452,22.3727
2019-10-02,19.5131,23.0939
2019-10-01,16.7597,18.5689
2019-09-30,15.5578,16.8765
2019-09-29,15.6523,14.8338
2019-09-28,17.5545,14.9632
2019-09-27,19.2707,17.1600
2019-09-26,22.6617,20.5404
2019-09-25,25.9613,20.1118
2019-09-24,34.3479,27.3330
2019-09-23,40.5213,30.4390
2019-09-22,44.7166,45.2716
2019-09-21,41.2039,45.8533
2019-09-20,36.2752,43.0248
2019-09-19,34.7779,34.7337
2019-09-18,39.2447,31.0670
2019-09-17,47.8051,38.5331
2019-09-16,55.9928,48.1342
2019-09-15,60.3193,56.7480
2019-09-14,60.3336,63.0960
2019-09-13,57.5152,61.1138
2019-09-12,56.9189,56.7910
2019-09-11,60.2700,54.6409
2019-09-10,64.3069,59.3250
2019-09-09,68.0993,66.8441
2019-09-08,70.7952,66.7518
2019-09-07,76.3619,70.7020
2019-09-06,78.8134,74.9320
2019-09-05,73.2471,83.4519
2019-09-04,56.9669,78.0562
2019-09-03,37.3354,58.2332
2019-09-02,22.7674,34.6113
2019-09-01,15.2383,19.1618
2019-08-31,15.0841,14.5290
2019-08-30,19.3102,12.0241
2019-08-29,25.7698,18.6993
2019-08-28,28.2845,27.2071
2019-08-27,27.0904,31.4031
2019-08-26,23.8039,26.2432
2019-08-25,21.8174,23.6247
2019-08-24,22.2197,21.5439
2019-08-23,26.6404,20.2835
2019-08-22,31.9902,24.8317
2019-08-21,33.1348,34.8061
2019-08-20,28.4402,36.3328
2019-08-19,22.5979,28.2655
2019-08-18,18.2800,20.7223
2019-08-17,19.3275,18.8059
2019-08-16,26.8208,15.3118
2019-08-15,42.7932,23.8649
2019-08-14,58.0858,41.2856
2019-08-13,69.5355,63.2289
2019-08-12,75.4642,69.7430
2019-08-11,81.5581,75.6347
2019-08-10,84.2901,81.0149
2019-08-09,85.9545,88.0247
2019-08-08,85.8743,83.8307
2019-08-07,89.6105,86.0082
2019-08-06,89.8747,87.7840
2019-08-05,86.1535,95.0393
2019-08-04,74.8068,86.8009
2019-08-03,61.1210,76.6202
2019-08-02,46.2434,60.9994
2019-08-01,33.8528,45.7435
2019-07-31,25.6382,31.9874
2019-07-30,22.6315,23.8274
2019-07-29,22.9466,21.0999
2019-07-28,24.7967,22.9671
2019-07-27,25.1145,24.7728
2019-07-26,25.0863,26.6502
2019-07-25,26.0297,23.9204
2019-07-24,30.2627,24.6884
2019-07-23,34.6855,29.4805
2019-07-22,37.6135,36.6194
2019-07-21,35.2466,37.9568
2019-07-20,28.7697,38.2643
2019-07-19,21.5414,29.5188
2019-07-18,17.0285,18.5259
2019-07-17,21.2093,16.5797
2019-07-16,29.0227,15.9800
2019-07-15,40.8330,31.0681
2019-07-14,49.3764,40.0201
2019-07-13,55.7153,51.4108
2019-07-12,59.5847,56.6982
2019-07-11,59.0352,59.0368
2019-07-10,54.3360,63.0191
2019-07-09,44.9892,55.0495
2019-07-08,37.9638,44.9394
2019-07-07,36.7101,34.9789
2019-07-06,39.6953,33.9732
2019-07-05,42.6609,41.1782
2019-07-04,41.0323,43.9346
2019-07-03,41.0123,42.8698
2019-07-02,45.5234,36.2924
2019-07-01,54.0884,43.8747
2019-06-30,62.9004,56.4031
2019-06-29,70.6843,61.9875
2019-06-28,80.6329,70.3107
2019-06-27,88.0477,79.7548
2019-06-26,91.0850,91.8332
2019-06-25,91.0422,92.5553
2019-06-24,91.7628,88.8666
2019-06-23,93.9746,91.7047
2019-06-22,93.2893,94.7170
2019-06-21,91.2658,95.5022
2019-06-20,87.7943,89.6486
2019-06-19,87.8479,88.6467
2019-06-18,87.6219,85.0877
2019-06-17,85.9811,89.8093
2019-06-16,76.7528,87.9686
2019-06-15,61.3652,80.1654
2019-06-14,45.9718,62.1243
2019-06-13,33.1865,41.8059
2019-06-12,27.2334,33.9852
2019-06-11,23.8720,23.7683
2019-06-10,24.9975,23.9466
2019-06-09,25.1749,23.9012
2019-06-08,23.2701,27.1446
2019-06-07,22.4616,24.4789
2019-06-06,29.0811,18.1868
2019-06-05,44.1352,24.7191
2019-06-04,60.6044,44.3373
2019-06-03,68.7958,63.3493
2019-06-02,72.4045,74.1267
2019-06-01,74.3563,68.9116
2019-05-31,81.3372,74.1751
2019-05-30,87.2800,79.9823
2019-05-29,90.0183,89.8543
2019-05-28,88.0761,92.0035
2019-05-27,83.5581,88.1970
2019-05-26,79.2107,84.0278
2019-05-25,76.5138,78.4495
2019-05-24,76.4662,75.1547
2019-05-23,80.0771,75.9371
2019-05-22,80.9184,78.3068
2019-05-21,78.7436,85.9873
2019-05-20,72.9675,78.4610
2019-05-19,73.4568,71.7825
2019-05-18,78.6897,68.6588
2019-05-17,85.7030,79.9290
2019-05-16,87.0576,87.4811
2019-05-15,86.0452,89.6990
2019-05-14,84.6520,83.9927
2019-05-13,87.6297,84.4438
2019-05-12,91.3380,85.5195
2019-05-11,93.3273,92.9259
2019-05-10,90.8891,95.5687
2019-05-09,86.3314,91.4874
2019-05-08,84.3355,85.6114
2019-05-07,85.3497,81.8954
2019-05-06,86.9442,85.4996
2019-05-05,83.4825,88.6541
2019-05-04,73.8079,86.6789
2019-05-03,60.4366,75.1144
2019-05-02,50.7576,59.6305
2019-05-01,47.2672,46.5650
2019-04-30,49.9901,46.0774
2019-04-29,52.1586,49.1592
2019-04-28,55.7194,54.7338
2019-04-27,60.7045,52.5829
2019-04-26,70.8382,59.8415
2019-04-25,78.0483,69.6892
2019-04-24,80.9994,82.9838
2019-04-23,77.5681,81.4720
2019-04-22,74.6863,78.5424
2019-04-21,71.5864,72.6898
2019-04-20,69.5467,72.8265
2019-04-19,67.2595,69.2428
2019-04-18,67.5588,66.5707
2019-04-17,69.7858,65.9648
2019-04-16,72.6243,70.1407
2019-04-15,73.2385,73.2518
2019-04-14,75.0154,74.4803
2019-04-13,78.1577,71.9836
2019-04-12,84.8120,78.5823
2019-04-11,89.3174,83.9073
2019-04-10,91.4535,91.9466
2019-04-09,89.2815,92.0983
2019-04-08,84.8821,90.3155
2019-04-07,80.2020,85.4308
2019-04-06,78.8705,78.8999
2019-04-05,82.1686,76.2753
2019-04-04,87.5282,81.4362
2019-04-03,90.2001,88.7942
2019-04-02,90.0503,92.3541
2019-04-01,87.9147,89.4520
2019-03-31,86.8160,88.3447
2019-03-30,81.8360,85.9473
2019-03-29,74.2782,86.1559
2019-03-28,64.6822,73.4047
2019-03-27,61.8027,63.2740
2019-03-26,64.4808,57.3680
2019-03-25,68.7797,64.7662
2019-03-24,72.7269,71.3083
2019-03-23,76.2373,70.2646
2019-03-22,81.5797,76.6079
2019-03-21,83.2288,81.8395
2019-03-20,83.4594,86.2916
2019-03-19,82.6093,81.5555
2019-03-18,82.0270,82.5312
2019-03-17,78.6834,83.7414
2019-03-16,73.4221,79.8083
2019-03-15,69.2686,72.5005
2019-03-14,69.4265,67.9577
2019-03-13,69.0119,67.3476
2019-03-12,65.4773,72.9744
2019-03-11,55.2598,66.7136
2019-03-10,45.4181,56.7439
2019-03-09,38.7489,42.3217
2019-03-08,33.5506,37.1888
2019-03-07,29.1611,36.7361
2019-03-06,25.0157,26.7268
2019-03-05,27.4344,24.0204
2019-03-04,31.9037,24.2999
2019-03-03,36.6547,33.9830
2019-03-02,38.2635,37.4281
2019-03-01,39.0330,38.5529
2019-02-28,38.1133,38.8096
2019-02-27,43.1377,39.7366
2019-02-26,53.0312,35.7936
2019-02-25,70.8879,53.8829
2019-02-24,83.0999,69.4170
2019-02-23,89.9331,89.3639
2019-02-22,90.9532,90.5188
2019-02-21,89.9970,89.9168
2019-02-20,87.2424,92.4240
2019-02-19,80.1423,87.6503
2019-02-18,72.2594,81.6528
2019-02-17,66.0980,71.1237
2019-02-16,64.3398,64.0017
2019-02-15,66.3946,63.1686
2019-02-14,71.0048,65.8492
2019-02-13,75.8881,70.1661
2019-02-12,80.1431,76.9990
2019-02-11,74.2802,80.4992
2019-02-10,60.0886,82.9311
2019-02-09,40.4530,59.4103
2019-02-08,30.9584,37.9246
2019-02-07,30.4979,24.0240
2019-02-06,35.3564,30.9267
2019-02-05,37.2594,36.5429
2019-02-04,35.9773,38.5995
2019-02-03,32.2557,36.6357
2019-02-02,27.6565,32.6967
2019-02-01,23.6052,27.4346
2019-01-31,22.5772,22.8383
2019-01-30,26.3274,20.5427
2019-01-29,34.1633,24.3506
2019-01-28,41.4618,34.0889
2019-01-27,42.7687,44.0505
2019-01-26,38.3161,46.2458
2019-01-25,29.3935,38.0099
2019-01-24,22.6125,30.6924
2019-01-23,19.5872,19.4780
2019-01-22,21.5017,17.6670
2019-01-21,25.3798,21.6165
2019-01-20,26.6428,25.2214
2019-01-19,25.9650,29.3015
2019-01-18,24.1018,25.4055
2019-01-17,21.5038,23.1880
2019-01-16,19.8393,23.7120
2019-01-15,17.2375,17.6112
2019-01-14,17.0038,18.1946
2019-01-13,23.3734,15.9067
2019-01-12,36.7301,16.9100
2019-01-11,58.7228,37.3034
2019-01-10,72.5347,55.9769
2019-01-09,75.3478,82.8880
2019-01-08,63.5651,78.7391
2019-01-07,49.4647,64.4162
2019-01-06,41.6067,47.5400
2019-01-05,39.4600,36.4379
2019-01-04,41.1291,40.8421
2019-01-03,42.5371,41.1001
2019-01-02,45.0579,41.4452
2019-01-01,50.7491,45.0661
2018-12-31,52.9946,48.6626
2018-12-30,55.0778,58.5188
2018-12-29,52.8787,51.8024
2018-12-28,57.6125,54.9123
2018-12-27,63.4170,51.9215
2018-12-26,72.8834,66.0037
2018-12-25,76.2787,72.3258
2018-12-24,79.1303,80.3208
2018-12-23,77.7956,76.1896
2018-12-22,76.9128,80.8806
2018-12-21,68.3876,76.3167
2018-12-20,54.7388,73.5411
2018-12-19,35.7655,55.3050
2018-12-18,19.1112,35.3702
2018-12-17,9.1100,16.6212
2018-12-16,6.8427,5.3423
2018-12-15,9.3065,5.3664
2018-12-14,12.8750,9.8195
2018-12-13,15.8669,12.7335
2018-12-12,18.1639,16.0718
2018-12-11,18.9672,18.7955
2018-12-10,16.0323,19.6242
2018-12-09,12.3300,18.4818
2018-12-08,10.4100,9.9908
2018-12-07,13.0676,8.5175
2018-12-06,17.8066,12.7217
2018-12-05,21.0791,17.9635
2018-12-04,22.8332,22.7347
2018-12-03,23.5434,22.5393
